Question ID,Category,Difficulty,Points,Question,Option A,Option B,Option C,Correct Answer,Rationale / Explanation
Q-WIL-001,Wildfire,Easy,15,"In a wildfire scenario involving immediate evacuation orders, what is your safest response?",Staying behind to fight the fire with garden hoses,Grab go-bags and leave via planned routes,Hiding in the basement,B,Early departure saves lives from rapid fire spread.
Q-WIL-002,Wildfire,Hard,30,"When dealing with immediate evacuation orders during a wildfire, which action is considered highly dangerous and should be AVOIDED?",Hiding in the basement,Grab go-bags and leave via planned routes,Staying behind to fight the fire with garden hoses,C,Early departure saves lives from rapid fire spread.
Q-WIL-003,Wildfire,Easy,15,"In a wildfire scenario involving defensible space (0-5 feet), what is your safest response?",Planting highly flammable eucalyptus trees,Painting the house white,Clearing all combustible vegetation and mulch,C,The immediate zone prevents embers from igniting the structure.
Q-WIL-004,Wildfire,Hard,30,"When dealing with defensible space (0-5 feet) during a wildfire, which action is considered highly dangerous and should be AVOIDED?",Clearing all combustible vegetation and mulch,Painting the house white,Planting highly flammable eucalyptus trees,C,The immediate zone prevents embers from igniting the structure.
Q-WIL-005,Wildfire,Easy,15,"In a wildfire scenario involving vehicle entrapment, what is your safest response?",Fleeing the vehicle on foot into thick brush,Parking in a clearing and getting below windows,Honking the horn repeatedly,B,Vehicles insulate against lethal radiant heat better than exposure.
Q-WIL-006,Wildfire,Hard,30,"When dealing with vehicle entrapment during a wildfire, which action is considered highly dangerous and should be AVOIDED?",Fleeing the vehicle on foot into thick brush,Parking in a clearing and getting below windows,Honking the horn repeatedly,A,Vehicles insulate against lethal radiant heat better than exposure.
Q-WIL-007,Wildfire,Easy,15,"In a wildfire scenario involving smoke inhalation, what is your safest response?",Tying a wet cotton bandana over the mouth,Holding your breath,Wearing an N95 particulate respirator,C,Only N95 masks filter toxic PM2.5 microscopic particles.
Q-WIL-008,Wildfire,Hard,30,"When dealing with smoke inhalation during a wildfire, which action is considered highly dangerous and should be AVOIDED?",Wearing an N95 particulate respirator,Holding your breath,Tying a wet cotton bandana over the mouth,C,Only N95 masks filter toxic PM2.5 microscopic particles.
Q-WIL-009,Wildfire,Easy,15,"In a wildfire scenario involving home ventilation, what is your safest response?",Leaving attic vents wide open,Pointing fans out the window,Installing fine metal mesh screens over vents,C,Mesh screens block flying embers from entering the attic.
Q-WIL-010,Wildfire,Hard,30,"When dealing with home ventilation during a wildfire, which action is considered highly dangerous and should be AVOIDED?",Installing fine metal mesh screens over vents,Leaving attic vents wide open,Pointing fans out the window,B,Mesh screens block flying embers from entering the attic.
Q-WIL-011,Wildfire,Easy,15,"In a wildfire scenario involving roof materials, what is your safest response?",Upgrading to Class A fire-resistant shingles or metal,Keeping untreated wooden shake roofs,Adding extra layers of tar,A,Fire-resistant roofs prevent structural ignition from falling embers.
Q-WIL-012,Wildfire,Hard,30,"When dealing with roof materials during a wildfire, which action is considered highly dangerous and should be AVOIDED?",Adding extra layers of tar,Upgrading to Class A fire-resistant shingles or metal,Keeping untreated wooden shake roofs,C,Fire-resistant roofs prevent structural ignition from falling embers.
Q-WIL-013,Wildfire,Easy,15,"In a wildfire scenario involving pet evacuation, what is your safest response?",Pre-loading pets into carriers inside the home,Letting pets roam outside to sense danger,Leaving extra food in bowls outside,A,Scared pets will hide; securing them early ensures they evacuate with you.
Q-WIL-014,Wildfire,Hard,30,"When dealing with pet evacuation during a wildfire, which action is considered highly dangerous and should be AVOIDED?",Pre-loading pets into carriers inside the home,Leaving extra food in bowls outside,Letting pets roam outside to sense danger,C,Scared pets will hide; securing them early ensures they evacuate with you.
Q-WIL-015,Wildfire,Easy,15,"In a wildfire scenario involving communication outages, what is your safest response?",Using a battery-powered NOAA weather radio,Relying entirely on cellular data networks,Shouting from the rooftop,A,Cell towers often burn or overload; radio broadcasts remain stable.
Q-WIL-016,Wildfire,Hard,30,"When dealing with communication outages during a wildfire, which action is considered highly dangerous and should be AVOIDED?",Relying entirely on cellular data networks,Shouting from the rooftop,Using a battery-powered NOAA weather radio,A,Cell towers often burn or overload; radio broadcasts remain stable.
Q-WIL-017,Wildfire,Easy,15,"In a wildfire scenario involving clothing selection, what is your safest response?",Wearing synthetic athletic fabrics,Wearing a plastic raincoat,"Wearing heavy cotton, denim, or wool long sleeves",C,Natural fibers resist melting; synthetics melt to the skin under high heat.
Q-WIL-018,Wildfire,Hard,30,"When dealing with clothing selection during a wildfire, which action is considered highly dangerous and should be AVOIDED?",Wearing a plastic raincoat,Wearing synthetic athletic fabrics,"Wearing heavy cotton, denim, or wool long sleeves",B,Natural fibers resist melting; synthetics melt to the skin under high heat.
Q-WIL-019,Wildfire,Easy,15,"In a wildfire scenario involving returning home, what is your safest response?",Driving at night without headlights,Sneaking past barricades to check damage,Waiting for official all-clear signals,C,Smoldering ash pits and downed wires remain deadly post-fire.
Q-WIL-020,Wildfire,Hard,30,"When dealing with returning home during a wildfire, which action is considered highly dangerous and should be AVOIDED?",Driving at night without headlights,Waiting for official all-clear signals,Sneaking past barricades to check damage,C,Smoldering ash pits and downed wires remain deadly post-fire.
Q-WIL-021,Wildfire,Easy,15,"In a wildfire scenario involving outdoor water usage, what is your safest response?",Turning off sprinklers to preserve community water pressure,Draining the pool,Leaving all taps running to soak the property,A,Firefighters need maximum community water pressure for hydrants.
Q-WIL-022,Wildfire,Hard,30,"When dealing with outdoor water usage during a wildfire, which action is considered highly dangerous and should be AVOIDED?",Draining the pool,Turning off sprinklers to preserve community water pressure,Leaving all taps running to soak the property,C,Firefighters need maximum community water pressure for hydrants.
Q-WIL-023,Wildfire,Easy,15,"In a wildfire scenario involving emergency lighting, what is your safest response?",Turning off all breakers to prevent sparks,Leaving exterior and interior lights ON before evacuating,Lighting candles in every room,B,Lights help firefighters navigate and locate homes through thick smoke.
Q-WIL-024,Wildfire,Hard,30,"When dealing with emergency lighting during a wildfire, which action is considered highly dangerous and should be AVOIDED?",Lighting candles in every room,Turning off all breakers to prevent sparks,Leaving exterior and interior lights ON before evacuating,B,Lights help firefighters navigate and locate homes through thick smoke.
Q-WIL-025,Wildfire,Easy,15,"In a wildfire scenario involving window protection, what is your safest response?",Closing all windows and fire-resistant shutters,Taping the glass in an X pattern,Leaving windows cracked to equalize pressure,A,Closed windows block convective heat and embers from entering the home.
Q-WIL-026,Wildfire,Hard,30,"When dealing with window protection during a wildfire, which action is considered highly dangerous and should be AVOIDED?",Taping the glass in an X pattern,Closing all windows and fire-resistant shutters,Leaving windows cracked to equalize pressure,A,Closed windows block convective heat and embers from entering the home.
Q-WIL-027,Wildfire,Easy,15,"In a wildfire scenario involving indoor air quality, what is your safest response?",Opening doors for a cross-breeze,Setting HVAC to recirculate indoor air,Running a standard vacuum cleaner,B,Recirculating air prevents pulling toxic outdoor smoke into the house.
Q-WIL-028,Wildfire,Hard,30,"When dealing with indoor air quality during a wildfire, which action is considered highly dangerous and should be AVOIDED?",Setting HVAC to recirculate indoor air,Opening doors for a cross-breeze,Running a standard vacuum cleaner,B,Recirculating air prevents pulling toxic outdoor smoke into the house.
Q-WIL-029,Wildfire,Easy,15,"In a wildfire scenario involving fuel storage, what is your safest response?",Storing spare gas cans in the attached garage,Burying fuel under the porch,Moving propane tanks 30 feet away from structures,C,Distance prevents explosive fuel accumulation near the primary structure.
Q-WIL-030,Wildfire,Hard,30,"When dealing with fuel storage during a wildfire, which action is considered highly dangerous and should be AVOIDED?",Burying fuel under the porch,Storing spare gas cans in the attached garage,Moving propane tanks 30 feet away from structures,B,Distance prevents explosive fuel accumulation near the primary structure.
Q-WIL-031,Wildfire,Easy,15,"In a wildfire scenario involving structural trapped survival, what is your safest response?",Hiding in a dead-end closet,Climbing onto the roof,Sheltering in an interior room with a secondary exit,C,You need a way to escape if the structure catches fire.
Q-WIL-032,Wildfire,Hard,30,"When dealing with structural trapped survival during a wildfire, which action is considered highly dangerous and should be AVOIDED?",Hiding in a dead-end closet,Climbing onto the roof,Sheltering in an interior room with a secondary exit,A,You need a way to escape if the structure catches fire.
Q-WIL-033,Wildfire,Easy,15,"In a wildfire scenario involving approaching fire fronts, what is your safest response?",Moving downhill or to a completely cleared area,Climbing a tall tree,Running uphill ahead of the flames,A,Fire moves much faster uphill due to convective pre-heating of fuels.
Q-WIL-034,Wildfire,Hard,30,"When dealing with approaching fire fronts during a wildfire, which action is considered highly dangerous and should be AVOIDED?",Climbing a tall tree,Moving downhill or to a completely cleared area,Running uphill ahead of the flames,C,Fire moves much faster uphill due to convective pre-heating of fuels.
Q-WIL-035,Wildfire,Easy,15,"In a wildfire scenario involving family rendezvous, what is your safest response?",Meeting at the closest gas station,Establishing a meeting point outside the fire zone,Deciding to meet back at the house,B,"A secure, distant location ensures everyone gathers safely away from hazard zones."
Q-WIL-036,Wildfire,Hard,30,"When dealing with family rendezvous during a wildfire, which action is considered highly dangerous and should be AVOIDED?",Deciding to meet back at the house,Establishing a meeting point outside the fire zone,Meeting at the closest gas station,A,"A secure, distant location ensures everyone gathers safely away from hazard zones."
Q-WIL-037,Wildfire,Easy,15,"In a wildfire scenario involving important documents, what is your safest response?",Leaving them in a heavy wooden desk drawer,Digitizing records and keeping hard copies in a go-bag,Hiding them under a mattress,B,Rapid evacuation requires immediate access to identification and insurance.
Q-WIL-038,Wildfire,Hard,30,"When dealing with important documents during a wildfire, which action is considered highly dangerous and should be AVOIDED?",Digitizing records and keeping hard copies in a go-bag,Leaving them in a heavy wooden desk drawer,Hiding them under a mattress,B,Rapid evacuation requires immediate access to identification and insurance.
Q-WIL-039,Wildfire,Easy,15,"In a wildfire scenario involving neighborhood coordination, what is your safest response?",Assuming emergency services will extract everyone,Checking on elderly or disabled neighbors before leaving,Blocking the road with your vehicle,B,Community support is vital for those who cannot evacuate themselves.
Q-WIL-040,Wildfire,Hard,30,"When dealing with neighborhood coordination during a wildfire, which action is considered highly dangerous and should be AVOIDED?",Blocking the road with your vehicle,Checking on elderly or disabled neighbors before leaving,Assuming emergency services will extract everyone,C,Community support is vital for those who cannot evacuate themselves.
Q-WIL-041,Wildfire,Easy,15,"In a wildfire scenario involving post-fire mudslides, what is your safest response?",Evacuating downstream valleys during subsequent heavy rain,Replanting seeds immediately,Building sandbag walls against ash,A,"Burned soil becomes hydrophobic, creating massive flash flood and mudslide risks."
Q-WIL-042,Wildfire,Hard,30,"When dealing with post-fire mudslides during a wildfire, which action is considered highly dangerous and should be AVOIDED?",Evacuating downstream valleys during subsequent heavy rain,Building sandbag walls against ash,Replanting seeds immediately,B,"Burned soil becomes hydrophobic, creating massive flash flood and mudslide risks."
Q-WIL-043,Wildfire,Easy,15,"In a wildfire scenario involving driving through smoke, what is your safest response?",Driving slowly with low-beam headlights on,Using high-beams to pierce the smoke,Speeding up to exit the smoke faster,A,Low-beams reduce glare; high-beams reflect off smoke and blind drivers.
Q-WIL-044,Wildfire,Hard,30,"When dealing with driving through smoke during a wildfire, which action is considered highly dangerous and should be AVOIDED?",Driving slowly with low-beam headlights on,Speeding up to exit the smoke faster,Using high-beams to pierce the smoke,C,Low-beams reduce glare; high-beams reflect off smoke and blind drivers.
Q-WIL-045,Wildfire,Easy,15,"In a wildfire scenario involving physical exertion, what is your safest response?",Doing heavy yard work,Continuing daily outdoor jogging routines,Limiting outdoor activity during high AQI alerts,C,Heavy exertion pulls microscopic toxins deeper into the lungs.
Q-WIL-046,Wildfire,Hard,30,"When dealing with physical exertion during a wildfire, which action is considered highly dangerous and should be AVOIDED?",Continuing daily outdoor jogging routines,Doing heavy yard work,Limiting outdoor activity during high AQI alerts,A,Heavy exertion pulls microscopic toxins deeper into the lungs.
Q-WIL-047,Wildfire,Easy,15,"In a wildfire scenario involving power grid failures, what is your safest response?",Relying on electric driveway gates,Using elevators to evacuate buildings,Having manual garage door releases ready,C,Power is often preemptively cut during fire weather to prevent sparks.
Q-WIL-048,Wildfire,Hard,30,"When dealing with power grid failures during a wildfire, which action is considered highly dangerous and should be AVOIDED?",Relying on electric driveway gates,Having manual garage door releases ready,Using elevators to evacuate buildings,A,Power is often preemptively cut during fire weather to prevent sparks.
Q-WIL-049,Wildfire,Easy,15,"In a wildfire scenario involving situational awareness, what is your safest response?",Ignoring local weather alerts,Waiting until you see visible flames,Monitoring wind direction and humidity,C,High winds and low humidity (Red Flag conditions) dictate rapid fire behavior.
Q-WIL-050,Wildfire,Hard,30,"When dealing with situational awareness during a wildfire, which action is considered highly dangerous and should be AVOIDED?",Waiting until you see visible flames,Ignoring local weather alerts,Monitoring wind direction and humidity,A,High winds and low humidity (Red Flag conditions) dictate rapid fire behavior.
Q-FLO-051,Flood,Easy,15,"In a flood scenario involving flooded roadways, what is your safest response?",Honking the horn,Driving a truck through moving water,Turning around and seeking higher ground,C,12 inches of moving water can sweep away a vehicle.
Q-FLO-052,Flood,Hard,30,"When dealing with flooded roadways during a flood, which action is considered highly dangerous and should be AVOIDED?",Turning around and seeking higher ground,Honking the horn,Driving a truck through moving water,C,12 inches of moving water can sweep away a vehicle.
Q-FLO-053,Flood,Easy,15,"In a flood scenario involving rising indoor water, what is your safest response?",Moving to the highest floor or roof with escape tools,Climbing into an enclosed attic,Hiding in the basement,A,Enclosed attics become death traps if water continues to rise.
Q-FLO-054,Flood,Hard,30,"When dealing with rising indoor water during a flood, which action is considered highly dangerous and should be AVOIDED?",Climbing into an enclosed attic,Moving to the highest floor or roof with escape tools,Hiding in the basement,A,Enclosed attics become death traps if water continues to rise.
Q-FLO-055,Flood,Easy,15,"In a flood scenario involving electrical hazards, what is your safest response?",Turning off main power breakers before water enters,Wading through water near plugged-in appliances,Using a hair dryer,A,Submerged electrical outlets will fatally shock anyone in the water.
Q-FLO-056,Flood,Hard,30,"When dealing with electrical hazards during a flood, which action is considered highly dangerous and should be AVOIDED?",Using a hair dryer,Wading through water near plugged-in appliances,Turning off main power breakers before water enters,B,Submerged electrical outlets will fatally shock anyone in the water.
Q-FLO-057,Flood,Easy,15,"In a flood scenario involving drinking water, what is your safest response?",Using pool water to cook,Drinking directly from the tap,Drinking only bottled or boiled water,C,Floodwaters contaminate municipal lines with sewage and chemicals.
Q-FLO-058,Flood,Hard,30,"When dealing with drinking water during a flood, which action is considered highly dangerous and should be AVOIDED?",Drinking only bottled or boiled water,Using pool water to cook,Drinking directly from the tap,C,Floodwaters contaminate municipal lines with sewage and chemicals.
Q-FLO-059,Flood,Easy,15,"In a flood scenario involving walking in water, what is your safest response?",Walking barefoot to grip the ground,Running through currents,Using a sturdy stick to check depth and firm ground,C,Submerged debris and missing manhole covers are hidden hazards.
Q-FLO-060,Flood,Hard,30,"When dealing with walking in water during a flood, which action is considered highly dangerous and should be AVOIDED?",Using a sturdy stick to check depth and firm ground,Walking barefoot to grip the ground,Running through currents,B,Submerged debris and missing manhole covers are hidden hazards.
Q-FLO-061,Flood,Easy,15,"In a flood scenario involving vehicle submerged, what is your safest response?",Rolling down windows immediately to escape,Waiting for the car to fill completely before opening the door,Kicking the windshield,A,Electronic windows fail quickly; opening them immediately allows escape.
Q-FLO-062,Flood,Hard,30,"When dealing with vehicle submerged during a flood, which action is considered highly dangerous and should be AVOIDED?",Rolling down windows immediately to escape,Waiting for the car to fill completely before opening the door,Kicking the windshield,B,Electronic windows fail quickly; opening them immediately allows escape.
Q-FLO-063,Flood,Easy,15,"In a flood scenario involving animal safety, what is your safest response?",Evacuating with pets in secured carriers,Letting pets swim alongside you,Leaving dogs tied to outdoor fences,A,Tied animals cannot escape rising waters and will drown.
Q-FLO-064,Flood,Hard,30,"When dealing with animal safety during a flood, which action is considered highly dangerous and should be AVOIDED?",Leaving dogs tied to outdoor fences,Evacuating with pets in secured carriers,Letting pets swim alongside you,A,Tied animals cannot escape rising waters and will drown.
Q-FLO-065,Flood,Easy,15,"In a flood scenario involving post-flood mold, what is your safest response?",Cleaning hard surfaces with a bleach solution within 48 hours,Waiting a month for things to dry naturally,Painting over wet drywall,A,"Mold grows rapidly within 24-48 hours, causing severe respiratory illness."
Q-FLO-066,Flood,Hard,30,"When dealing with post-flood mold during a flood, which action is considered highly dangerous and should be AVOIDED?",Cleaning hard surfaces with a bleach solution within 48 hours,Waiting a month for things to dry naturally,Painting over wet drywall,B,"Mold grows rapidly within 24-48 hours, causing severe respiratory illness."
Q-FLO-067,Flood,Easy,15,"In a flood scenario involving structural integrity, what is your safest response?",Entering immediately if the door is open,Having a professional inspect the foundation,Pushing leaning walls back into place,B,"Water erosion undermines foundations, risking sudden collapse."
Q-FLO-068,Flood,Hard,30,"When dealing with structural integrity during a flood, which action is considered highly dangerous and should be AVOIDED?",Entering immediately if the door is open,Having a professional inspect the foundation,Pushing leaning walls back into place,A,"Water erosion undermines foundations, risking sudden collapse."
Q-FLO-069,Flood,Easy,15,"In a flood scenario involving emergency alerts, what is your safest response?",Acting immediately on Flash Flood Warnings,Waiting until the rain stops,Going outside to film the river,A,"Flash floods occur suddenly and without warning, requiring instant action."
Q-FLO-070,Flood,Hard,30,"When dealing with emergency alerts during a flood, which action is considered highly dangerous and should be AVOIDED?",Going outside to film the river,Acting immediately on Flash Flood Warnings,Waiting until the rain stops,C,"Flash floods occur suddenly and without warning, requiring instant action."
Q-FLO-071,Flood,Easy,15,"In a flood scenario involving underground spaces, what is your safest response?",Storing valuables on the floor,Avoiding basements during heavy rain,Using the basement as a storm shelter,B,Basements fill rapidly and trap occupants underground.
Q-FLO-072,Flood,Hard,30,"When dealing with underground spaces during a flood, which action is considered highly dangerous and should be AVOIDED?",Storing valuables on the floor,Using the basement as a storm shelter,Avoiding basements during heavy rain,B,Basements fill rapidly and trap occupants underground.
Q-FLO-073,Flood,Easy,15,"In a flood scenario involving sanitation, what is your safest response?",Washing hands frequently with soap and clean water,Allowing kids to play in flood puddles,Using bare hands to move debris,A,Floodwater is highly toxic and contains biological waste.
Q-FLO-074,Flood,Hard,30,"When dealing with sanitation during a flood, which action is considered highly dangerous and should be AVOIDED?",Washing hands frequently with soap and clean water,Allowing kids to play in flood puddles,Using bare hands to move debris,B,Floodwater is highly toxic and contains biological waste.
Q-FLO-075,Flood,Easy,15,"In a flood scenario involving gas leaks, what is your safest response?",Using a lighter to see in the dark,Smelling for gas and turning off the main valve if detected,Starting a gas generator indoors,B,Broken pipes leak explosive gas that ignites easily.
Q-FLO-076,Flood,Hard,30,"When dealing with gas leaks during a flood, which action is considered highly dangerous and should be AVOIDED?",Using a lighter to see in the dark,Smelling for gas and turning off the main valve if detected,Starting a gas generator indoors,A,Broken pipes leak explosive gas that ignites easily.
Q-FLO-077,Flood,Easy,15,"In a flood scenario involving trapped in currents, what is your safest response?",Fighting directly against the current,Swimming diagonally toward the edge of the flow,Grabbing onto loose branches,B,Fighting currents causes exhaustion; angling toward the edge saves energy.
Q-FLO-078,Flood,Hard,30,"When dealing with trapped in currents during a flood, which action is considered highly dangerous and should be AVOIDED?",Grabbing onto loose branches,Swimming diagonally toward the edge of the flow,Fighting directly against the current,C,Fighting currents causes exhaustion; angling toward the edge saves energy.
Q-FLO-079,Flood,Easy,15,"In a flood scenario involving insurance, what is your safest response?",Throwing everything away immediately,Waiting for the adjuster to find the damage,Taking photos of all damage before removing items,C,Photographic evidence is required for accurate claims processing.
Q-FLO-080,Flood,Hard,30,"When dealing with insurance during a flood, which action is considered highly dangerous and should be AVOIDED?",Throwing everything away immediately,Taking photos of all damage before removing items,Waiting for the adjuster to find the damage,A,Photographic evidence is required for accurate claims processing.
Q-FLO-081,Flood,Easy,15,"In a flood scenario involving wildlife displacement, what is your safest response?",Ignoring floating debris,Watching for snakes and rodents seeking higher ground,Trying to catch displaced animals,B,Wildlife becomes aggressive and venomous when trapped by floods.
Q-FLO-082,Flood,Hard,30,"When dealing with wildlife displacement during a flood, which action is considered highly dangerous and should be AVOIDED?",Ignoring floating debris,Watching for snakes and rodents seeking higher ground,Trying to catch displaced animals,C,Wildlife becomes aggressive and venomous when trapped by floods.
Q-FLO-083,Flood,Easy,15,"In a flood scenario involving rescue signaling, what is your safest response?",Lighting a fire on a wet roof,Hanging a bright cloth or using a flashlight on the roof,Shouting continuously,B,Visual signals are easily spotted by helicopter rescue crews.
Q-FLO-084,Flood,Hard,30,"When dealing with rescue signaling during a flood, which action is considered highly dangerous and should be AVOIDED?",Hanging a bright cloth or using a flashlight on the roof,Lighting a fire on a wet roof,Shouting continuously,C,Visual signals are easily spotted by helicopter rescue crews.
Q-FLO-085,Flood,Easy,15,"In a flood scenario involving sandbagging, what is your safest response?",Placing bags in a single straight vertical tower,"Stacking sandbags in a staggered, brick-like pattern",Using empty bags,B,Staggered patterns provide structural resistance against water pressure.
Q-FLO-086,Flood,Hard,30,"When dealing with sandbagging during a flood, which action is considered highly dangerous and should be AVOIDED?",Using empty bags,"Stacking sandbags in a staggered, brick-like pattern",Placing bags in a single straight vertical tower,C,Staggered patterns provide structural resistance against water pressure.
Q-FLO-087,Flood,Easy,15,"In a flood scenario involving hygiene supplies, what is your safest response?",Washing with flood water,Ignoring minor cuts,Using hand sanitizer and pre-packaged wipes,C,Infection risk is extremely high in post-flood environments.
Q-FLO-088,Flood,Hard,30,"When dealing with hygiene supplies during a flood, which action is considered highly dangerous and should be AVOIDED?",Ignoring minor cuts,Using hand sanitizer and pre-packaged wipes,Washing with flood water,C,Infection risk is extremely high in post-flood environments.
Q-FLO-089,Flood,Easy,15,"In a flood scenario involving bridge crossings, what is your safest response?",Parking on the bridge to stay above water,Avoiding bridges over fast-moving rivers,Walking across the bridge rails,B,Rushing water can completely wash away bridge supports invisibly.
Q-FLO-090,Flood,Hard,30,"When dealing with bridge crossings during a flood, which action is considered highly dangerous and should be AVOIDED?",Parking on the bridge to stay above water,Walking across the bridge rails,Avoiding bridges over fast-moving rivers,A,Rushing water can completely wash away bridge supports invisibly.
Q-FLO-091,Flood,Easy,15,"In a flood scenario involving food safety, what is your safest response?",Boiling submerged vegetables,Eating canned goods that are rusted,Discarding any food that touched floodwater,C,Micro-cracks in packaging allow lethal bacteria to enter food.
Q-FLO-092,Flood,Hard,30,"When dealing with food safety during a flood, which action is considered highly dangerous and should be AVOIDED?",Boiling submerged vegetables,Discarding any food that touched floodwater,Eating canned goods that are rusted,A,Micro-cracks in packaging allow lethal bacteria to enter food.
Q-FLO-093,Flood,Easy,15,"In a flood scenario involving generator use, what is your safest response?",Operating generators outdoors away from windows,Connecting them directly to the wall,Running them in the garage with the door open,A,Carbon monoxide from generators is a leading post-disaster killer.
Q-FLO-094,Flood,Hard,30,"When dealing with generator use during a flood, which action is considered highly dangerous and should be AVOIDED?",Running them in the garage with the door open,Connecting them directly to the wall,Operating generators outdoors away from windows,A,Carbon monoxide from generators is a leading post-disaster killer.
Q-FLO-095,Flood,Easy,15,"In a flood scenario involving muddy roads, what is your safest response?",Speeding to get through the mud,Slamming on brakes,Driving slowly and testing brakes frequently,C,"Mud reduces friction to zero, similar to driving on pure ice."
Q-FLO-096,Flood,Hard,30,"When dealing with muddy roads during a flood, which action is considered highly dangerous and should be AVOIDED?",Driving slowly and testing brakes frequently,Slamming on brakes,Speeding to get through the mud,C,"Mud reduces friction to zero, similar to driving on pure ice."
Q-FLO-097,Flood,Easy,15,"In a flood scenario involving emotional stress, what is your safest response?",Ignoring physical exhaustion,Seeking community support and pacing cleanup work,Working 24 hours straight to fix everything,B,Overexertion leads to heart attacks and severe injuries post-disaster.
Q-FLO-098,Flood,Hard,30,"When dealing with emotional stress during a flood, which action is considered highly dangerous and should be AVOIDED?",Seeking community support and pacing cleanup work,Working 24 hours straight to fix everything,Ignoring physical exhaustion,B,Overexertion leads to heart attacks and severe injuries post-disaster.
Q-FLO-099,Flood,Easy,15,"In a flood scenario involving evacuation timing, what is your safest response?",Waiting for a rescue boat,Leaving before routes are submerged,Packing the entire house,B,Roads become impassable long before the home itself floods.
Q-FLO-100,Flood,Hard,30,"When dealing with evacuation timing during a flood, which action is considered highly dangerous and should be AVOIDED?",Leaving before routes are submerged,Packing the entire house,Waiting for a rescue boat,C,Roads become impassable long before the home itself floods.
Q-HUR-101,Hurricane,Easy,15,"In a hurricane scenario involving window protection, what is your safest response?",Taping an X on the glass with duct tape,Installing structural storm shutters or 5/8-inch plywood,Leaving windows completely open,B,"Tape does not strengthen glass; it creates large, deadly flying shards."
Q-HUR-102,Hurricane,Hard,30,"When dealing with window protection during a hurricane, which action is considered highly dangerous and should be AVOIDED?",Installing structural storm shutters or 5/8-inch plywood,Leaving windows completely open,Taping an X on the glass with duct tape,C,"Tape does not strengthen glass; it creates large, deadly flying shards."
Q-HUR-103,Hurricane,Easy,15,"In a hurricane scenario involving the eye of the storm, what is your safest response?",Driving to the store,Going outside to inspect damage,Remaining sheltered until official all-clear is given,C,The calm eye is immediately followed by violent winds from the opposite direction.
Q-HUR-104,Hurricane,Hard,30,"When dealing with the eye of the storm during a hurricane, which action is considered highly dangerous and should be AVOIDED?",Remaining sheltered until official all-clear is given,Driving to the store,Going outside to inspect damage,C,The calm eye is immediately followed by violent winds from the opposite direction.
Q-HUR-105,Hurricane,Easy,15,"In a hurricane scenario involving storm surge, what is your safest response?",Evacuating coastal zones before water rises,Waiting on the beach to watch the waves,Moving to the second floor of a beachfront home,A,Surge is a dome of water that completely obliterates coastal structures.
Q-HUR-106,Hurricane,Hard,30,"When dealing with storm surge during a hurricane, which action is considered highly dangerous and should be AVOIDED?",Evacuating coastal zones before water rises,Waiting on the beach to watch the waves,Moving to the second floor of a beachfront home,C,Surge is a dome of water that completely obliterates coastal structures.
Q-HUR-107,Hurricane,Easy,15,"In a hurricane scenario involving projectile hazards, what is your safest response?",Bringing all patio furniture and loose items indoors,Tying items loosely to a tree,Leaving trampolines unanchored,A,High winds turn everyday yard items into lethal flying missiles.
Q-HUR-108,Hurricane,Hard,30,"When dealing with projectile hazards during a hurricane, which action is considered highly dangerous and should be AVOIDED?",Leaving trampolines unanchored,Bringing all patio furniture and loose items indoors,Tying items loosely to a tree,C,High winds turn everyday yard items into lethal flying missiles.
Q-HUR-109,Hurricane,Easy,15,"In a hurricane scenario involving interior sheltering, what is your safest response?",Standing by the front door,Moving to a windowless interior room or closet,Sheltering in a sunroom,B,Interior rooms have the most structural walls protecting them from wind.
Q-HUR-110,Hurricane,Hard,30,"When dealing with interior sheltering during a hurricane, which action is considered highly dangerous and should be AVOIDED?",Moving to a windowless interior room or closet,Standing by the front door,Sheltering in a sunroom,C,Interior rooms have the most structural walls protecting them from wind.
Q-HUR-111,Hurricane,Easy,15,"In a hurricane scenario involving power outage food, what is your safest response?",Keeping refrigerator doors closed as much as possible,Opening the freezer every hour to check food,Eating room-temperature meat,A,An unopened fridge keeps food safe for 4 hours; a freezer for 48 hours.
Q-HUR-112,Hurricane,Hard,30,"When dealing with power outage food during a hurricane, which action is considered highly dangerous and should be AVOIDED?",Opening the freezer every hour to check food,Eating room-temperature meat,Keeping refrigerator doors closed as much as possible,A,An unopened fridge keeps food safe for 4 hours; a freezer for 48 hours.
Q-HUR-113,Hurricane,Easy,15,"In a hurricane scenario involving mobile homes, what is your safest response?",Evacuating to a sturdy community shelter,Hiding in the bathroom of the mobile home,Tying the mobile home to the ground,A,Mobile homes cannot withstand hurricane-force winds and will disintegrate.
Q-HUR-114,Hurricane,Hard,30,"When dealing with mobile homes during a hurricane, which action is considered highly dangerous and should be AVOIDED?",Evacuating to a sturdy community shelter,Tying the mobile home to the ground,Hiding in the bathroom of the mobile home,B,Mobile homes cannot withstand hurricane-force winds and will disintegrate.
Q-HUR-115,Hurricane,Easy,15,"In a hurricane scenario involving carbon monoxide, what is your safest response?",Running a generator on the enclosed back porch,Placing generators at least 20 feet away from the house,Using a charcoal grill indoors,B,"CO gas is colorless, odorless, and highly lethal in enclosed spaces."
Q-HUR-116,Hurricane,Hard,30,"When dealing with carbon monoxide during a hurricane, which action is considered highly dangerous and should be AVOIDED?",Using a charcoal grill indoors,Placing generators at least 20 feet away from the house,Running a generator on the enclosed back porch,C,"CO gas is colorless, odorless, and highly lethal in enclosed spaces."
Q-HUR-117,Hurricane,Easy,15,"In a hurricane scenario involving bathtub water, what is your safest response?",Filling the bathtub to use for flushing toilets,Drinking directly from the bathtub,Leaving the tub empty,A,Municipal water pressure drops; stored water allows basic sanitation.
Q-HUR-118,Hurricane,Hard,30,"When dealing with bathtub water during a hurricane, which action is considered highly dangerous and should be AVOIDED?",Filling the bathtub to use for flushing toilets,Leaving the tub empty,Drinking directly from the bathtub,C,Municipal water pressure drops; stored water allows basic sanitation.
Q-HUR-119,Hurricane,Easy,15,"In a hurricane scenario involving post-storm driving, what is your safest response?",Driving around to look at the damage,Driving over downed power lines,Staying off roads to allow emergency crews access,C,Sightseeing blocks first responders and exposes you to hidden hazards.
Q-HUR-120,Hurricane,Hard,30,"When dealing with post-storm driving during a hurricane, which action is considered highly dangerous and should be AVOIDED?",Driving around to look at the damage,Staying off roads to allow emergency crews access,Driving over downed power lines,A,Sightseeing blocks first responders and exposes you to hidden hazards.
Q-HUR-121,Hurricane,Easy,15,"In a hurricane scenario involving chainsaws, what is your safest response?",Cutting wood under tension,Operating the saw from a ladder,"Wearing protective chaps, gloves, and face shields",C,Improper chainsaw use is a leading cause of post-hurricane injury.
Q-HUR-122,Hurricane,Hard,30,"When dealing with chainsaws during a hurricane, which action is considered highly dangerous and should be AVOIDED?",Cutting wood under tension,"Wearing protective chaps, gloves, and face shields",Operating the saw from a ladder,C,Improper chainsaw use is a leading cause of post-hurricane injury.
Q-HUR-123,Hurricane,Easy,15,"In a hurricane scenario involving roof damage, what is your safest response?",Ignoring leaks,Using a secured tarp to cover holes after winds stop,Climbing onto the roof during the storm,B,Temporary tarps prevent catastrophic water damage to the interior.
Q-HUR-124,Hurricane,Hard,30,"When dealing with roof damage during a hurricane, which action is considered highly dangerous and should be AVOIDED?",Ignoring leaks,Using a secured tarp to cover holes after winds stop,Climbing onto the roof during the storm,C,Temporary tarps prevent catastrophic water damage to the interior.
Q-HUR-125,Hurricane,Easy,15,"In a hurricane scenario involving pet preparedness, what is your safest response?",Leaving pets behind,Having a 2-week supply of pet food and medications,Assuming shelters have pet food,B,Pet supplies run out quickly and are rarely prioritized by relief agencies.
Q-HUR-126,Hurricane,Hard,30,"When dealing with pet preparedness during a hurricane, which action is considered highly dangerous and should be AVOIDED?",Having a 2-week supply of pet food and medications,Assuming shelters have pet food,Leaving pets behind,C,Pet supplies run out quickly and are rarely prioritized by relief agencies.
Q-HUR-127,Hurricane,Easy,15,"In a hurricane scenario involving document storage, what is your safest response?",Leaving them in a filing cabinet,Mailing them away,Storing passports and deeds in waterproof bags,C,Waterproofing ensures identity and property recovery isn't delayed.
Q-HUR-128,Hurricane,Hard,30,"When dealing with document storage during a hurricane, which action is considered highly dangerous and should be AVOIDED?",Mailing them away,Storing passports and deeds in waterproof bags,Leaving them in a filing cabinet,C,Waterproofing ensures identity and property recovery isn't delayed.
Q-HUR-129,Hurricane,Easy,15,"In a hurricane scenario involving medical devices, what is your safest response?",Registering with the local utility for priority power restoration,Using car batteries to run ventilators,Assuming power will stay on,A,Special needs registries help emergency services prioritize life-saving power.
Q-HUR-130,Hurricane,Hard,30,"When dealing with medical devices during a hurricane, which action is considered highly dangerous and should be AVOIDED?",Using car batteries to run ventilators,Registering with the local utility for priority power restoration,Assuming power will stay on,C,Special needs registries help emergency services prioritize life-saving power.
Q-HUR-131,Hurricane,Easy,15,"In a hurricane scenario involving cash on hand, what is your safest response?",Relying on credit cards,Buying gold,Withdrawing small bills before the storm hits,C,Card readers and ATMs will not function without electricity.
Q-HUR-132,Hurricane,Hard,30,"When dealing with cash on hand during a hurricane, which action is considered highly dangerous and should be AVOIDED?",Buying gold,Relying on credit cards,Withdrawing small bills before the storm hits,B,Card readers and ATMs will not function without electricity.
Q-HUR-133,Hurricane,Easy,15,"In a hurricane scenario involving garage doors, what is your safest response?",Bracing the garage door with vertical supports,Parking cars against the door,Leaving the garage door slightly open,A,"Failed garage doors allow wind to pressurize the house, blowing off the roof."
Q-HUR-134,Hurricane,Hard,30,"When dealing with garage doors during a hurricane, which action is considered highly dangerous and should be AVOIDED?",Leaving the garage door slightly open,Parking cars against the door,Bracing the garage door with vertical supports,A,"Failed garage doors allow wind to pressurize the house, blowing off the roof."
Q-HUR-135,Hurricane,Easy,15,"In a hurricane scenario involving swimming pools, what is your safest response?",Adding extra chlorine but leaving water levels normal,Throwing furniture into the pool,Draining the pool completely,A,Drained pools can pop out of the ground due to high groundwater pressure.
Q-HUR-136,Hurricane,Hard,30,"When dealing with swimming pools during a hurricane, which action is considered highly dangerous and should be AVOIDED?",Adding extra chlorine but leaving water levels normal,Throwing furniture into the pool,Draining the pool completely,C,Drained pools can pop out of the ground due to high groundwater pressure.
Q-HUR-137,Hurricane,Easy,15,"In a hurricane scenario involving evacuation routes, what is your safest response?",Driving toward the coast,Following officially marked evacuation highways,Taking unpaved back roads,B,Official routes are cleared and monitored; back roads trap drivers.
Q-HUR-138,Hurricane,Hard,30,"When dealing with evacuation routes during a hurricane, which action is considered highly dangerous and should be AVOIDED?",Following officially marked evacuation highways,Driving toward the coast,Taking unpaved back roads,C,Official routes are cleared and monitored; back roads trap drivers.
Q-HUR-139,Hurricane,Easy,15,"In a hurricane scenario involving downed power lines, what is your safest response?",Assuming all downed lines are live and staying 35 feet away,Pushing lines out of the way with a stick,Driving over them,A,"Electricity can travel through the ground, making approach highly lethal."
Q-HUR-140,Hurricane,Hard,30,"When dealing with downed power lines during a hurricane, which action is considered highly dangerous and should be AVOIDED?",Assuming all downed lines are live and staying 35 feet away,Driving over them,Pushing lines out of the way with a stick,C,"Electricity can travel through the ground, making approach highly lethal."
Q-HUR-141,Hurricane,Easy,15,"In a hurricane scenario involving tornado threats, what is your safest response?",Taking immediate cover in an interior room,Watching from the window,Going to the top floor,A,Hurricanes frequently spawn fast-moving tornadoes in their outer bands.
Q-HUR-142,Hurricane,Hard,30,"When dealing with tornado threats during a hurricane, which action is considered highly dangerous and should be AVOIDED?",Taking immediate cover in an interior room,Watching from the window,Going to the top floor,B,Hurricanes frequently spawn fast-moving tornadoes in their outer bands.
Q-HUR-143,Hurricane,Easy,15,"In a hurricane scenario involving utility shutoff, what is your safest response?",Leaving utilities on during structural failure,Cutting wires with scissors,Knowing how and when to shut off gas and water mains,C,Shutting off mains prevents post-storm fires and water contamination.
Q-HUR-144,Hurricane,Hard,30,"When dealing with utility shutoff during a hurricane, which action is considered highly dangerous and should be AVOIDED?",Knowing how and when to shut off gas and water mains,Cutting wires with scissors,Leaving utilities on during structural failure,C,Shutting off mains prevents post-storm fires and water contamination.
Q-HUR-145,Hurricane,Easy,15,"In a hurricane scenario involving emergency communication, what is your safest response?",Making long phone calls,Texting family members instead of calling,Using flares indoors,B,Texts require less bandwidth and often go through when voice networks fail.
Q-HUR-146,Hurricane,Hard,30,"When dealing with emergency communication during a hurricane, which action is considered highly dangerous and should be AVOIDED?",Texting family members instead of calling,Making long phone calls,Using flares indoors,B,Texts require less bandwidth and often go through when voice networks fail.
Q-HUR-147,Hurricane,Easy,15,"In a hurricane scenario involving tree hazards, what is your safest response?",Parking directly under large oaks,Trimming dead branches weeks before hurricane season,Trying to cut down a tree during high winds,B,Pre-storm maintenance prevents heavy limbs from crushing structures.
Q-HUR-148,Hurricane,Hard,30,"When dealing with tree hazards during a hurricane, which action is considered highly dangerous and should be AVOIDED?",Trimming dead branches weeks before hurricane season,Trying to cut down a tree during high winds,Parking directly under large oaks,B,Pre-storm maintenance prevents heavy limbs from crushing structures.
Q-HUR-149,Hurricane,Easy,15,"In a hurricane scenario involving water purification, what is your safest response?",Adding bleach to boiling water,Boiling water for 1 minute to kill pathogens,Freezing water to purify it,B,Boiling is the most effective way to eliminate biological contaminants.
Q-HUR-150,Hurricane,Hard,30,"When dealing with water purification during a hurricane, which action is considered highly dangerous and should be AVOIDED?",Boiling water for 1 minute to kill pathogens,Adding bleach to boiling water,Freezing water to purify it,B,Boiling is the most effective way to eliminate biological contaminants.
Q-EAR-151,Earthquake,Easy,15,"In a earthquake scenario involving active shaking, what is your safest response?","Dropping, covering under a desk, and holding on",Standing in a doorway,Running outside during the shaking,A,"Dropping and covering protects against falling debris, the primary cause of injury."
Q-EAR-152,Earthquake,Hard,30,"When dealing with active shaking during a earthquake, which action is considered highly dangerous and should be AVOIDED?",Standing in a doorway,Running outside during the shaking,"Dropping, covering under a desk, and holding on",B,"Dropping and covering protects against falling debris, the primary cause of injury."
Q-EAR-153,Earthquake,Easy,15,"In a earthquake scenario involving coastal quakes, what is your safest response?",Moving immediately to high ground or inland,Waiting for tsunami sirens,Going to the beach to look at the water,A,Tsunamis can strike within minutes of a nearshore earthquake.
Q-EAR-154,Earthquake,Hard,30,"When dealing with coastal quakes during a earthquake, which action is considered highly dangerous and should be AVOIDED?",Going to the beach to look at the water,Moving immediately to high ground or inland,Waiting for tsunami sirens,C,Tsunamis can strike within minutes of a nearshore earthquake.
Q-EAR-155,Earthquake,Easy,15,"In a earthquake scenario involving natural gas, what is your safest response?",Lighting a match to check,Turning off the gas only if you smell sulfur or hear hissing,Automatically shutting off gas after every minor tremor,B,Unnecessary shutoffs require professionals to restart; only shut off if leaking.
Q-EAR-156,Earthquake,Hard,30,"When dealing with natural gas during a earthquake, which action is considered highly dangerous and should be AVOIDED?",Automatically shutting off gas after every minor tremor,Turning off the gas only if you smell sulfur or hear hissing,Lighting a match to check,A,Unnecessary shutoffs require professionals to restart; only shut off if leaking.
Q-EAR-157,Earthquake,Easy,15,"In a earthquake scenario involving bed safety, what is your safest response?",Staying in bed and protecting your head with a pillow,Running to the bathroom,Rolling under the bed,A,Attempting to move in the dark during shaking leads to falls and cut feet.
Q-EAR-158,Earthquake,Hard,30,"When dealing with bed safety during a earthquake, which action is considered highly dangerous and should be AVOIDED?",Staying in bed and protecting your head with a pillow,Running to the bathroom,Rolling under the bed,C,Attempting to move in the dark during shaking leads to falls and cut feet.
Q-EAR-159,Earthquake,Easy,15,"In a earthquake scenario involving high-rise buildings, what is your safest response?",Running to the roof,Staying inside and away from exterior windows,Using the elevators,B,"Elevators fail, and exterior glass can shatter; interior walls are safest."
Q-EAR-160,Earthquake,Hard,30,"When dealing with high-rise buildings during a earthquake, which action is considered highly dangerous and should be AVOIDED?",Staying inside and away from exterior windows,Running to the roof,Using the elevators,C,"Elevators fail, and exterior glass can shatter; interior walls are safest."
Q-EAR-161,Earthquake,Easy,15,"In a earthquake scenario involving driving during a quake, what is your safest response?",Pulling over to a clear location and setting the parking brake,Stopping directly under an overpass,Speeding up,A,"Pulling over prevents accidents, and avoiding overpasses prevents crush injuries."
Q-EAR-162,Earthquake,Hard,30,"When dealing with driving during a quake during a earthquake, which action is considered highly dangerous and should be AVOIDED?",Speeding up,Pulling over to a clear location and setting the parking brake,Stopping directly under an overpass,C,"Pulling over prevents accidents, and avoiding overpasses prevents crush injuries."
Q-EAR-163,Earthquake,Easy,15,"In a earthquake scenario involving mobility disabilities, what is your safest response?",Trying to transfer to the floor,Moving down the hallway,Locking wheelchair wheels and covering your head,C,Locking wheels prevents uncontrolled rolling during violent shaking.
Q-EAR-164,Earthquake,Hard,30,"When dealing with mobility disabilities during a earthquake, which action is considered highly dangerous and should be AVOIDED?",Trying to transfer to the floor,Moving down the hallway,Locking wheelchair wheels and covering your head,A,Locking wheels prevents uncontrolled rolling during violent shaking.
Q-EAR-165,Earthquake,Easy,15,"In a earthquake scenario involving crowded spaces (stadiums), what is your safest response?",Climbing over seats,Rushing the exits,Staying in your seat and covering your head,C,Panic and stampeding cause more casualties than the earthquake itself.
Q-EAR-166,Earthquake,Hard,30,"When dealing with crowded spaces (stadiums) during a earthquake, which action is considered highly dangerous and should be AVOIDED?",Rushing the exits,Staying in your seat and covering your head,Climbing over seats,A,Panic and stampeding cause more casualties than the earthquake itself.
Q-EAR-167,Earthquake,Easy,15,"In a earthquake scenario involving trapped in debris, what is your safest response?",Shouting continuously,Tapping rhythmically on a pipe or wall,Lighting a lighter,B,"Tapping carries sound farther; shouting inhales dust, and lighters ignite gas."
Q-EAR-168,Earthquake,Hard,30,"When dealing with trapped in debris during a earthquake, which action is considered highly dangerous and should be AVOIDED?",Shouting continuously,Tapping rhythmically on a pipe or wall,Lighting a lighter,A,"Tapping carries sound farther; shouting inhales dust, and lighters ignite gas."
Q-EAR-169,Earthquake,Easy,15,"In a earthquake scenario involving post-quake footwear, what is your safest response?",Walking barefoot,Putting on heavy-soled shoes immediately,Wearing flip-flops,B,"Shattered glass and debris cover floors, causing severe lacerations to bare feet."
Q-EAR-170,Earthquake,Hard,30,"When dealing with post-quake footwear during a earthquake, which action is considered highly dangerous and should be AVOIDED?",Wearing flip-flops,Putting on heavy-soled shoes immediately,Walking barefoot,C,"Shattered glass and debris cover floors, causing severe lacerations to bare feet."
Q-EAR-171,Earthquake,Easy,15,"In a earthquake scenario involving aftershocks, what is your safest response?",Assuming the danger is completely over,Re-entering a leaning building,Anticipating further shaking and staying away from damaged areas,C,Aftershocks can easily collapse structures weakened by the main quake.
Q-EAR-172,Earthquake,Hard,30,"When dealing with aftershocks during a earthquake, which action is considered highly dangerous and should be AVOIDED?",Anticipating further shaking and staying away from damaged areas,Assuming the danger is completely over,Re-entering a leaning building,B,Aftershocks can easily collapse structures weakened by the main quake.
Q-EAR-173,Earthquake,Easy,15,"In a earthquake scenario involving structural cracks, what is your safest response?",Having professionals assess diagonal wall cracks,Filling cracks with toothpaste,Ignoring cracks if the house is standing,A,Diagonal shear cracks indicate critical loss of structural integrity.
Q-EAR-174,Earthquake,Hard,30,"When dealing with structural cracks during a earthquake, which action is considered highly dangerous and should be AVOIDED?",Having professionals assess diagonal wall cracks,Ignoring cracks if the house is standing,Filling cracks with toothpaste,B,Diagonal shear cracks indicate critical loss of structural integrity.
Q-EAR-175,Earthquake,Easy,15,"In a earthquake scenario involving cabinet latches, what is your safest response?",Installing child-proof latches on high cabinets,Leaving heavy pots on top shelves,Removing cabinet doors,A,Latches prevent heavy objects and glassware from launching across the room.
Q-EAR-176,Earthquake,Hard,30,"When dealing with cabinet latches during a earthquake, which action is considered highly dangerous and should be AVOIDED?",Removing cabinet doors,Installing child-proof latches on high cabinets,Leaving heavy pots on top shelves,C,Latches prevent heavy objects and glassware from launching across the room.
Q-EAR-177,Earthquake,Easy,15,"In a earthquake scenario involving brick facades, what is your safest response?",Evacuating away from unreinforced masonry buildings,Standing closely next to brick walls,Leaning against the chimney,A,Unreinforced brick shatters and collapses violently during seismic waves.
Q-EAR-178,Earthquake,Hard,30,"When dealing with brick facades during a earthquake, which action is considered highly dangerous and should be AVOIDED?",Leaning against the chimney,Standing closely next to brick walls,Evacuating away from unreinforced masonry buildings,B,Unreinforced brick shatters and collapses violently during seismic waves.
Q-EAR-179,Earthquake,Easy,15,"In a earthquake scenario involving water heaters, what is your safest response?",Placing it on wheels,Leaving it freestanding,Strapping the tank securely to the wall studs,C,"Unsecured water heaters topple, snapping gas lines and causing fires."
Q-EAR-180,Earthquake,Hard,30,"When dealing with water heaters during a earthquake, which action is considered highly dangerous and should be AVOIDED?",Placing it on wheels,Leaving it freestanding,Strapping the tank securely to the wall studs,B,"Unsecured water heaters topple, snapping gas lines and causing fires."
Q-EAR-181,Earthquake,Easy,15,"In a earthquake scenario involving communication, what is your safest response?",Relying on local landlines,Calling local neighbors immediately,Having an out-of-state emergency contact,C,Local networks overload; out-of-state lines often remain open.
Q-EAR-182,Earthquake,Hard,30,"When dealing with communication during a earthquake, which action is considered highly dangerous and should be AVOIDED?",Relying on local landlines,Having an out-of-state emergency contact,Calling local neighbors immediately,C,Local networks overload; out-of-state lines often remain open.
Q-EAR-183,Earthquake,Easy,15,"In a earthquake scenario involving chemical storage, what is your safest response?","Keeping them on high, unsecured shelves",Mixing them together for safety,Storing bleach and ammonia on bottom shelves,C,"Falling chemicals mix and create toxic, lethal gas clouds."
Q-EAR-184,Earthquake,Hard,30,"When dealing with chemical storage during a earthquake, which action is considered highly dangerous and should be AVOIDED?",Mixing them together for safety,Storing bleach and ammonia on bottom shelves,"Keeping them on high, unsecured shelves",A,"Falling chemicals mix and create toxic, lethal gas clouds."
Q-EAR-185,Earthquake,Easy,15,"In a earthquake scenario involving sleeping areas, what is your safest response?",Hanging large glass frames over the headboard,Moving heavy artwork and mirrors away from beds,Sleeping on the floor,B,"Heavy objects fall during shaking, causing severe head trauma to sleepers."
Q-EAR-186,Earthquake,Hard,30,"When dealing with sleeping areas during a earthquake, which action is considered highly dangerous and should be AVOIDED?",Moving heavy artwork and mirrors away from beds,Sleeping on the floor,Hanging large glass frames over the headboard,C,"Heavy objects fall during shaking, causing severe head trauma to sleepers."
Q-EAR-187,Earthquake,Easy,15,"In a earthquake scenario involving pets during shaking, what is your safest response?",Trying to hold onto a panicking cat,Letting them find their own hiding spots,Chasing them under the house,B,Panicked animals will bite and scratch; secure them after shaking stops.
Q-EAR-188,Earthquake,Hard,30,"When dealing with pets during shaking during a earthquake, which action is considered highly dangerous and should be AVOIDED?",Letting them find their own hiding spots,Trying to hold onto a panicking cat,Chasing them under the house,B,Panicked animals will bite and scratch; secure them after shaking stops.
Q-EAR-189,Earthquake,Easy,15,"In a earthquake scenario involving brick chimneys, what is your safest response?",Climbing onto the roof to check it,Avoiding the area around the fireplace,Hiding inside the fireplace,B,Chimneys frequently snap and crash through roofs and floors during quakes.
Q-EAR-190,Earthquake,Hard,30,"When dealing with brick chimneys during a earthquake, which action is considered highly dangerous and should be AVOIDED?",Climbing onto the roof to check it,Hiding inside the fireplace,Avoiding the area around the fireplace,B,Chimneys frequently snap and crash through roofs and floors during quakes.
Q-EAR-191,Earthquake,Easy,15,"In a earthquake scenario involving tsunami receding water, what is your safest response?",Taking photos of the sea floor,Walking out to collect stranded fish,Evacuating immediately if the ocean suddenly drains away,C,A rapidly receding ocean is the immediate warning of an incoming tsunami wave.
Q-EAR-192,Earthquake,Hard,30,"When dealing with tsunami receding water during a earthquake, which action is considered highly dangerous and should be AVOIDED?",Taking photos of the sea floor,Walking out to collect stranded fish,Evacuating immediately if the ocean suddenly drains away,B,A rapidly receding ocean is the immediate warning of an incoming tsunami wave.
Q-EAR-193,Earthquake,Easy,15,"In a earthquake scenario involving utility preparation, what is your safest response?",Using a hammer to close the valve,Keeping a crescent wrench tied near the gas meter,Searching for tools in the garage,B,Seconds matter when gas is leaking; having the tool attached saves time.
Q-EAR-194,Earthquake,Hard,30,"When dealing with utility preparation during a earthquake, which action is considered highly dangerous and should be AVOIDED?",Keeping a crescent wrench tied near the gas meter,Searching for tools in the garage,Using a hammer to close the valve,B,Seconds matter when gas is leaking; having the tool attached saves time.
Q-EAR-195,Earthquake,Easy,15,"In a earthquake scenario involving bridge driving, what is your safest response?",Stopping in the middle of a suspension bridge,Proceeding with extreme caution after shaking stops,Ignoring structural joints,B,Bridges may have invisible structural shearing or missing approach ramps.
Q-EAR-196,Earthquake,Hard,30,"When dealing with bridge driving during a earthquake, which action is considered highly dangerous and should be AVOIDED?",Stopping in the middle of a suspension bridge,Ignoring structural joints,Proceeding with extreme caution after shaking stops,A,Bridges may have invisible structural shearing or missing approach ramps.
Q-EAR-197,Earthquake,Easy,15,"In a earthquake scenario involving elevator entrapment, what is your safest response?",Prying the doors open and climbing out,Using the emergency call button and waiting,Jumping up and down,B,Climbing out of a stuck elevator risks fatal crushing if it suddenly moves.
Q-EAR-198,Earthquake,Hard,30,"When dealing with elevator entrapment during a earthquake, which action is considered highly dangerous and should be AVOIDED?",Using the emergency call button and waiting,Jumping up and down,Prying the doors open and climbing out,C,Climbing out of a stuck elevator risks fatal crushing if it suddenly moves.
Q-EAR-199,Earthquake,Easy,15,"In a earthquake scenario involving psychological care, what is your safest response?",Ignoring panic attacks,Forcing everyone to act tough,Expecting emotional distress and reassuring children,C,Severe aftershocks cause acute PTSD; psychological first aid is critical.
Q-EAR-200,Earthquake,Hard,30,"When dealing with psychological care during a earthquake, which action is considered highly dangerous and should be AVOIDED?",Expecting emotional distress and reassuring children,Ignoring panic attacks,Forcing everyone to act tough,C,Severe aftershocks cause acute PTSD; psychological first aid is critical.
